id,trigger,object,subject,time,location
7953,恢复,深航,湖北其他城市的航班运力,,
7955,恢复,深航,湖北其他城市的航班运力,,
7956,恢复,深航,湖北其他城市的航班运力,,
7956,恢复,深航,湖北其他城市的航班运力,,
7959,恢复,深航,湖北其他城市的航班运力,,
7959,恢复,深航,湖北其他城市的航班运力,,
7959,恢复,深航,湖北其他城市的航班运力,,
7959,恢复,深航,湖北其他城市的航班运力,,
7960,恢复,深航,湖北其他城市的航班运力,,
7960,恢复,深航,湖北其他城市的航班运力,,
7962,恢复,深航,湖北其他城市的航班运力,,
7964,恢复,深航,湖北其他城市的航班运力,,
7965,恢复,深航,湖北其他城市的航班运力,,
7966,恢复,深航,湖北其他城市的航班运力,,
7970,恢复,深航,湖北其他城市的航班运力,,
7974,恢复,深航,湖北其他城市的航班运力,,
7978,恢复,深航,湖北其他城市的航班运力,,
7978,恢复,深航,湖北其他城市的航班运力,,
7979,恢复,深航,湖北其他城市的航班运力,,
7981,恢复,深航,湖北其他城市的航班运力,,
7981,恢复,深航,湖北其他城市的航班运力,,
7981,恢复,深航,湖北其他城市的航班运力,,
7983,恢复,深航,湖北其他城市的航班运力,,
7983,恢复,深航,湖北其他城市的航班运力,,
7984,恢复,深航,湖北其他城市的航班运力,,
7985,恢复,深航,湖北其他城市的航班运力,,
7985,恢复,深航,湖北其他城市的航班运力,,
7986,恢复,深航,湖北其他城市的航班运力,,
7989,恢复,深航,湖北其他城市的航班运力,,
7989,恢复,深航,湖北其他城市的航班运力,,
7991,恢复,深航,湖北其他城市的航班运力,,
7991,恢复,深航,湖北其他城市的航班运力,,
7991,恢复,深航,湖北其他城市的航班运力,,
7991,恢复,深航,湖北其他城市的航班运力,,
7992,恢复,深航,湖北其他城市的航班运力,,
7993,恢复,深航,湖北其他城市的航班运力,,
7994,恢复,深航,湖北其他城市的航班运力,,
7998,恢复,深航,湖北其他城市的航班运力,,
7999,恢复,深航,湖北其他城市的航班运力,,
8000,恢复,深航,湖北其他城市的航班运力,,
8000,恢复,深航,湖北其他城市的航班运力,,
8002,恢复,深航,湖北其他城市的航班运力,,
8005,恢复,深航,湖北其他城市的航班运力,,
8007,恢复,深航,湖北其他城市的航班运力,,
8008,恢复,深航,湖北其他城市的航班运力,,
8009,恢复,深航,湖北其他城市的航班运力,,
8010,恢复,深航,湖北其他城市的航班运力,,
8010,恢复,深航,湖北其他城市的航班运力,,
8010,恢复,深航,湖北其他城市的航班运力,,
8011,恢复,深航,湖北其他城市的航班运力,,
8011,恢复,深航,湖北其他城市的航班运力,,
8012,恢复,深航,湖北其他城市的航班运力,,
8013,恢复,深航,湖北其他城市的航班运力,,
8014,恢复,深航,湖北其他城市的航班运力,,
8014,恢复,深航,湖北其他城市的航班运力,,
8014,恢复,深航,湖北其他城市的航班运力,,
8016,恢复,深航,湖北其他城市的航班运力,,
8017,恢复,深航,湖北其他城市的航班运力,,
8019,恢复,深航,湖北其他城市的航班运力,,
8021,恢复,深航,湖北其他城市的航班运力,,
8022,恢复,深航,湖北其他城市的航班运力,,
8023,恢复,深航,湖北其他城市的航班运力,,
8026,恢复,深航,湖北其他城市的航班运力,,
8028,恢复,深航,湖北其他城市的航班运力,,
8028,恢复,深航,湖北其他城市的航班运力,,
8029,恢复,深航,湖北其他城市的航班运力,,
8030,恢复,深航,湖北其他城市的航班运力,,
8037,恢复,深航,湖北其他城市的航班运力,,
8042,恢复,深航,湖北其他城市的航班运力,,
8043,恢复,深航,湖北其他城市的航班运力,,
8045,恢复,深航,湖北其他城市的航班运力,,
8046,恢复,深航,湖北其他城市的航班运力,,
8047,恢复,深航,湖北其他城市的航班运力,,
8048,恢复,深航,湖北其他城市的航班运力,,
8049,恢复,深航,湖北其他城市的航班运力,,
8050,恢复,深航,湖北其他城市的航班运力,,
8053,恢复,深航,湖北其他城市的航班运力,,
8055,恢复,深航,湖北其他城市的航班运力,,
8055,恢复,深航,湖北其他城市的航班运力,,
8056,恢复,深航,湖北其他城市的航班运力,,
8059,恢复,深航,湖北其他城市的航班运力,,
8059,恢复,深航,湖北其他城市的航班运力,,
8061,恢复,深航,湖北其他城市的航班运力,,
8065,恢复,深航,湖北其他城市的航班运力,,
8066,恢复,深航,湖北其他城市的航班运力,,
8066,恢复,深航,湖北其他城市的航班运力,,
8067,恢复,深航,湖北其他城市的航班运力,,
8067,恢复,深航,湖北其他城市的航班运力,,
8068,恢复,深航,湖北其他城市的航班运力,,
8069,恢复,深航,湖北其他城市的航班运力,,
8070,恢复,深航,湖北其他城市的航班运力,,
8071,恢复,深航,湖北其他城市的航班运力,,
8072,恢复,深航,湖北其他城市的航班运力,,
8077,恢复,深航,湖北其他城市的航班运力,,
8078,恢复,深航,湖北其他城市的航班运力,,
8079,恢复,深航,湖北其他城市的航班运力,,
8079,恢复,深航,湖北其他城市的航班运力,,
8079,恢复,深航,湖北其他城市的航班运力,,
8081,恢复,深航,湖北其他城市的航班运力,,
8082,恢复,深航,湖北其他城市的航班运力,,
8084,恢复,深航,湖北其他城市的航班运力,,
8085,恢复,深航,湖北其他城市的航班运力,,
8087,恢复,深航,湖北其他城市的航班运力,,
8087,恢复,深航,湖北其他城市的航班运力,,
8090,恢复,深航,湖北其他城市的航班运力,,
8093,恢复,深航,湖北其他城市的航班运力,,
8094,恢复,深航,湖北其他城市的航班运力,,
8094,恢复,深航,湖北其他城市的航班运力,,
8094,恢复,深航,湖北其他城市的航班运力,,
8095,恢复,深航,湖北其他城市的航班运力,,
8096,恢复,深航,湖北其他城市的航班运力,,
8096,恢复,深航,湖北其他城市的航班运力,,
8097,恢复,深航,湖北其他城市的航班运力,,
8097,恢复,深航,湖北其他城市的航班运力,,
8098,恢复,深航,湖北其他城市的航班运力,,
8100,恢复,深航,湖北其他城市的航班运力,,
8101,恢复,深航,湖北其他城市的航班运力,,
8103,恢复,深航,湖北其他城市的航班运力,,
8104,恢复,深航,湖北其他城市的航班运力,,
8106,恢复,深航,湖北其他城市的航班运力,,
8107,恢复,深航,湖北其他城市的航班运力,,
8107,恢复,深航,湖北其他城市的航班运力,,
8107,恢复,深航,湖北其他城市的航班运力,,
8109,恢复,深航,湖北其他城市的航班运力,,
8109,恢复,深航,湖北其他城市的航班运力,,
8110,恢复,深航,湖北其他城市的航班运力,,
8112,恢复,深航,湖北其他城市的航班运力,,
8112,恢复,深航,湖北其他城市的航班运力,,
8113,恢复,深航,湖北其他城市的航班运力,,
8114,恢复,深航,湖北其他城市的航班运力,,
8114,恢复,深航,湖北其他城市的航班运力,,
8114,恢复,深航,湖北其他城市的航班运力,,
8115,恢复,深航,湖北其他城市的航班运力,,
8116,恢复,深航,湖北其他城市的航班运力,,
8117,恢复,深航,湖北其他城市的航班运力,,
8117,恢复,深航,湖北其他城市的航班运力,,
8119,恢复,深航,湖北其他城市的航班运力,,
8120,恢复,深航,湖北其他城市的航班运力,,
8121,恢复,深航,湖北其他城市的航班运力,,
8121,恢复,深航,湖北其他城市的航班运力,,
8122,恢复,深航,湖北其他城市的航班运力,,
8123,恢复,深航,湖北其他城市的航班运力,,
8124,恢复,深航,湖北其他城市的航班运力,,
8128,恢复,深航,湖北其他城市的航班运力,,
8129,恢复,深航,湖北其他城市的航班运力,,
8130,恢复,深航,湖北其他城市的航班运力,,
8131,恢复,深航,湖北其他城市的航班运力,,
8132,恢复,深航,湖北其他城市的航班运力,,
8132,恢复,深航,湖北其他城市的航班运力,,
8133,恢复,深航,湖北其他城市的航班运力,,
8135,恢复,深航,湖北其他城市的航班运力,,
8138,恢复,深航,湖北其他城市的航班运力,,
8139,恢复,深航,湖北其他城市的航班运力,,
8140,恢复,深航,湖北其他城市的航班运力,,
8143,恢复,深航,湖北其他城市的航班运力,,
8146,恢复,深航,湖北其他城市的航班运力,,
8148,恢复,深航,湖北其他城市的航班运力,,
8150,恢复,深航,湖北其他城市的航班运力,,
8151,恢复,深航,湖北其他城市的航班运力,,
8152,恢复,深航,湖北其他城市的航班运力,,
8153,恢复,深航,湖北其他城市的航班运力,,
8159,恢复,深航,湖北其他城市的航班运力,,
8161,恢复,深航,湖北其他城市的航班运力,,
8162,恢复,深航,湖北其他城市的航班运力,,
8165,恢复,深航,湖北其他城市的航班运力,,
8165,恢复,深航,湖北其他城市的航班运力,,
8165,恢复,深航,湖北其他城市的航班运力,,
8169,恢复,深航,湖北其他城市的航班运力,,
8173,恢复,深航,湖北其他城市的航班运力,,
8174,恢复,深航,湖北其他城市的航班运力,,
8175,恢复,深航,湖北其他城市的航班运力,,
8181,恢复,深航,湖北其他城市的航班运力,,
8185,恢复,深航,湖北其他城市的航班运力,,
8186,恢复,深航,湖北其他城市的航班运力,,
8187,恢复,深航,湖北其他城市的航班运力,,
8187,恢复,深航,湖北其他城市的航班运力,,
8188,恢复,深航,湖北其他城市的航班运力,,
8191,恢复,深航,湖北其他城市的航班运力,,
8193,恢复,深航,湖北其他城市的航班运力,,
8193,恢复,深航,湖北其他城市的航班运力,,
8203,恢复,深航,湖北其他城市的航班运力,,
8209,恢复,深航,湖北其他城市的航班运力,,
8212,恢复,深航,湖北其他城市的航班运力,,
8216,恢复,深航,湖北其他城市的航班运力,,
8220,恢复,深航,湖北其他城市的航班运力,,
8224,恢复,深航,湖北其他城市的航班运力,,
8228,恢复,深航,湖北其他城市的航班运力,,
8228,恢复,深航,湖北其他城市的航班运力,,
8229,恢复,深航,湖北其他城市的航班运力,,
8230,恢复,深航,湖北其他城市的航班运力,,
8230,恢复,深航,湖北其他城市的航班运力,,
8233,恢复,深航,湖北其他城市的航班运力,,
8236,恢复,深航,湖北其他城市的航班运力,,
8239,恢复,深航,湖北其他城市的航班运力,,
8239,恢复,深航,湖北其他城市的航班运力,,
8239,恢复,深航,湖北其他城市的航班运力,,
8242,恢复,深航,湖北其他城市的航班运力,,
8243,恢复,深航,湖北其他城市的航班运力,,
8243,恢复,深航,湖北其他城市的航班运力,,
8244,恢复,深航,湖北其他城市的航班运力,,
8245,恢复,深航,湖北其他城市的航班运力,,
8248,恢复,深航,湖北其他城市的航班运力,,
8249,恢复,深航,湖北其他城市的航班运力,,
8251,恢复,深航,湖北其他城市的航班运力,,
8251,恢复,深航,湖北其他城市的航班运力,,
8252,恢复,深航,湖北其他城市的航班运力,,
8255,恢复,深航,湖北其他城市的航班运力,,
8256,恢复,深航,湖北其他城市的航班运力,,
8258,恢复,深航,湖北其他城市的航班运力,,
8259,恢复,深航,湖北其他城市的航班运力,,
8260,恢复,深航,湖北其他城市的航班运力,,
8260,恢复,深航,湖北其他城市的航班运力,,
8263,恢复,深航,湖北其他城市的航班运力,,
8265,恢复,深航,湖北其他城市的航班运力,,
8265,恢复,深航,湖北其他城市的航班运力,,
8266,恢复,深航,湖北其他城市的航班运力,,
8267,恢复,深航,湖北其他城市的航班运力,,
8267,恢复,深航,湖北其他城市的航班运力,,
8268,恢复,深航,湖北其他城市的航班运力,,
8269,恢复,深航,湖北其他城市的航班运力,,
8273,恢复,深航,湖北其他城市的航班运力,,
8274,恢复,深航,湖北其他城市的航班运力,,
8275,恢复,深航,湖北其他城市的航班运力,,
8276,恢复,深航,湖北其他城市的航班运力,,
8276,恢复,深航,湖北其他城市的航班运力,,
8278,恢复,深航,湖北其他城市的航班运力,,
8278,恢复,深航,湖北其他城市的航班运力,,
8279,恢复,深航,湖北其他城市的航班运力,,
8280,恢复,深航,湖北其他城市的航班运力,,
8280,恢复,深航,湖北其他城市的航班运力,,
8284,恢复,深航,湖北其他城市的航班运力,,
8285,恢复,深航,湖北其他城市的航班运力,,
8286,恢复,深航,湖北其他城市的航班运力,,
8287,恢复,深航,湖北其他城市的航班运力,,
8288,恢复,深航,湖北其他城市的航班运力,,
8289,恢复,深航,湖北其他城市的航班运力,,
8291,恢复,深航,湖北其他城市的航班运力,,
8291,恢复,深航,湖北其他城市的航班运力,,
8292,恢复,深航,湖北其他城市的航班运力,,
8293,恢复,深航,湖北其他城市的航班运力,,
8295,恢复,深航,湖北其他城市的航班运力,,
8300,恢复,深航,湖北其他城市的航班运力,,
8302,恢复,深航,湖北其他城市的航班运力,,
8305,恢复,深航,湖北其他城市的航班运力,,
8305,恢复,深航,湖北其他城市的航班运力,,
8306,恢复,深航,湖北其他城市的航班运力,,
8307,恢复,深航,湖北其他城市的航班运力,,
8309,恢复,深航,湖北其他城市的航班运力,,
8309,恢复,深航,湖北其他城市的航班运力,,
8310,恢复,深航,湖北其他城市的航班运力,,
8313,恢复,深航,湖北其他城市的航班运力,,
8314,恢复,深航,湖北其他城市的航班运力,,
8315,恢复,深航,湖北其他城市的航班运力,,
8320,恢复,深航,湖北其他城市的航班运力,,
8321,恢复,深航,湖北其他城市的航班运力,,
8322,恢复,深航,湖北其他城市的航班运力,,
8324,恢复,深航,湖北其他城市的航班运力,,
8324,恢复,深航,湖北其他城市的航班运力,,
8326,恢复,深航,湖北其他城市的航班运力,,
8326,恢复,深航,湖北其他城市的航班运力,,
8327,恢复,深航,湖北其他城市的航班运力,,
8327,恢复,深航,湖北其他城市的航班运力,,
8328,恢复,深航,湖北其他城市的航班运力,,
8329,恢复,深航,湖北其他城市的航班运力,,
8330,恢复,深航,湖北其他城市的航班运力,,
8331,恢复,深航,湖北其他城市的航班运力,,
8332,恢复,深航,湖北其他城市的航班运力,,
8333,恢复,深航,湖北其他城市的航班运力,,
8334,恢复,深航,湖北其他城市的航班运力,,
8336,恢复,深航,湖北其他城市的航班运力,,
8337,恢复,深航,湖北其他城市的航班运力,,
8337,恢复,深航,湖北其他城市的航班运力,,
8338,恢复,深航,湖北其他城市的航班运力,,
8342,恢复,深航,湖北其他城市的航班运力,,
8345,恢复,深航,湖北其他城市的航班运力,,
8346,恢复,深航,湖北其他城市的航班运力,,
8349,恢复,深航,湖北其他城市的航班运力,,
8350,恢复,深航,湖北其他城市的航班运力,,
8351,恢复,深航,湖北其他城市的航班运力,,
8352,恢复,深航,湖北其他城市的航班运力,,
8352,恢复,深航,湖北其他城市的航班运力,,
8352,恢复,深航,湖北其他城市的航班运力,,
8354,恢复,深航,湖北其他城市的航班运力,,
8355,恢复,深航,湖北其他城市的航班运力,,
8356,恢复,深航,湖北其他城市的航班运力,,
8357,恢复,深航,湖北其他城市的航班运力,,
8359,恢复,深航,湖北其他城市的航班运力,,
8362,恢复,深航,湖北其他城市的航班运力,,
8363,恢复,深航,湖北其他城市的航班运力,,
8363,恢复,深航,湖北其他城市的航班运力,,
8363,恢复,深航,湖北其他城市的航班运力,,
8365,恢复,深航,湖北其他城市的航班运力,,
8365,恢复,深航,湖北其他城市的航班运力,,
8367,恢复,深航,湖北其他城市的航班运力,,
8367,恢复,深航,湖北其他城市的航班运力,,
8368,恢复,深航,湖北其他城市的航班运力,,
8368,恢复,深航,湖北其他城市的航班运力,,
8371,恢复,深航,湖北其他城市的航班运力,,
8373,恢复,深航,湖北其他城市的航班运力,,
8374,恢复,深航,湖北其他城市的航班运力,,
8375,恢复,深航,湖北其他城市的航班运力,,
8376,恢复,深航,湖北其他城市的航班运力,,
8377,恢复,深航,湖北其他城市的航班运力,,
8378,恢复,深航,湖北其他城市的航班运力,,
8379,恢复,深航,湖北其他城市的航班运力,,
8379,恢复,深航,湖北其他城市的航班运力,,
8380,恢复,深航,湖北其他城市的航班运力,,
8384,恢复,深航,湖北其他城市的航班运力,,
8385,恢复,深航,湖北其他城市的航班运力,,
8386,恢复,深航,湖北其他城市的航班运力,,
8387,恢复,深航,湖北其他城市的航班运力,,
8388,恢复,深航,湖北其他城市的航班运力,,
8389,恢复,深航,湖北其他城市的航班运力,,
8390,恢复,深航,湖北其他城市的航班运力,,
8391,恢复,深航,湖北其他城市的航班运力,,
8392,恢复,深航,湖北其他城市的航班运力,,
8392,恢复,深航,湖北其他城市的航班运力,,
8392,恢复,深航,湖北其他城市的航班运力,,
8393,恢复,深航,湖北其他城市的航班运力,,
8393,恢复,深航,湖北其他城市的航班运力,,
8395,恢复,深航,湖北其他城市的航班运力,,
8396,恢复,深航,湖北其他城市的航班运力,,
8398,恢复,深航,湖北其他城市的航班运力,,
8399,恢复,深航,湖北其他城市的航班运力,,
8400,恢复,深航,湖北其他城市的航班运力,,
8400,恢复,深航,湖北其他城市的航班运力,,
8400,恢复,深航,湖北其他城市的航班运力,,
8400,恢复,深航,湖北其他城市的航班运力,,
8401,恢复,深航,湖北其他城市的航班运力,,
8402,恢复,深航,湖北其他城市的航班运力,,
8403,恢复,深航,湖北其他城市的航班运力,,
8404,恢复,深航,湖北其他城市的航班运力,,
8405,恢复,深航,湖北其他城市的航班运力,,
8406,恢复,深航,湖北其他城市的航班运力,,
8406,恢复,深航,湖北其他城市的航班运力,,
8407,恢复,深航,湖北其他城市的航班运力,,
8408,恢复,深航,湖北其他城市的航班运力,,
8410,恢复,深航,湖北其他城市的航班运力,,
8414,恢复,深航,湖北其他城市的航班运力,,
8415,恢复,深航,湖北其他城市的航班运力,,
8415,恢复,深航,湖北其他城市的航班运力,,
8416,恢复,深航,湖北其他城市的航班运力,,
8418,恢复,深航,湖北其他城市的航班运力,,
8418,恢复,深航,湖北其他城市的航班运力,,
8419,恢复,深航,湖北其他城市的航班运力,,
8422,恢复,深航,湖北其他城市的航班运力,,
8422,恢复,深航,湖北其他城市的航班运力,,
8422,恢复,深航,湖北其他城市的航班运力,,
8423,恢复,深航,湖北其他城市的航班运力,,
8424,恢复,深航,湖北其他城市的航班运力,,
8424,恢复,深航,湖北其他城市的航班运力,,
8424,恢复,深航,湖北其他城市的航班运力,,
8424,恢复,深航,湖北其他城市的航班运力,,
8426,恢复,深航,湖北其他城市的航班运力,,
8427,恢复,深航,湖北其他城市的航班运力,,
8432,恢复,深航,湖北其他城市的航班运力,,
8433,恢复,深航,湖北其他城市的航班运力,,
8434,恢复,深航,湖北其他城市的航班运力,,
8435,恢复,深航,湖北其他城市的航班运力,,
8436,恢复,深航,湖北其他城市的航班运力,,
8436,恢复,深航,湖北其他城市的航班运力,,
8437,恢复,深航,湖北其他城市的航班运力,,
8438,恢复,深航,湖北其他城市的航班运力,,
8443,恢复,深航,湖北其他城市的航班运力,,
8444,恢复,深航,湖北其他城市的航班运力,,
8446,恢复,深航,湖北其他城市的航班运力,,
8450,恢复,深航,湖北其他城市的航班运力,,
8450,恢复,深航,湖北其他城市的航班运力,,
8456,恢复,深航,湖北其他城市的航班运力,,
8458,恢复,深航,湖北其他城市的航班运力,,
8458,恢复,深航,湖北其他城市的航班运力,,
8459,恢复,深航,湖北其他城市的航班运力,,
8460,恢复,深航,湖北其他城市的航班运力,,
8462,恢复,深航,湖北其他城市的航班运力,,
8464,恢复,深航,湖北其他城市的航班运力,,
8464,恢复,深航,湖北其他城市的航班运力,,
8466,恢复,深航,湖北其他城市的航班运力,,
8467,恢复,深航,湖北其他城市的航班运力,,
8469,恢复,深航,湖北其他城市的航班运力,,
8469,恢复,深航,湖北其他城市的航班运力,,
8475,恢复,深航,湖北其他城市的航班运力,,
8477,恢复,深航,湖北其他城市的航班运力,,
8477,恢复,深航,湖北其他城市的航班运力,,
8479,恢复,深航,湖北其他城市的航班运力,,
8480,恢复,深航,湖北其他城市的航班运力,,
8481,恢复,深航,湖北其他城市的航班运力,,
8482,恢复,深航,湖北其他城市的航班运力,,
8483,恢复,深航,湖北其他城市的航班运力,,
8486,恢复,深航,湖北其他城市的航班运力,,
8488,恢复,深航,湖北其他城市的航班运力,,
8489,恢复,深航,湖北其他城市的航班运力,,
8490,恢复,深航,湖北其他城市的航班运力,,
8494,恢复,深航,湖北其他城市的航班运力,,
8494,恢复,深航,湖北其他城市的航班运力,,
8494,恢复,深航,湖北其他城市的航班运力,,
8498,恢复,深航,湖北其他城市的航班运力,,
8499,恢复,深航,湖北其他城市的航班运力,,
8502,恢复,深航,湖北其他城市的航班运力,,
8502,恢复,深航,湖北其他城市的航班运力,,
8503,恢复,深航,湖北其他城市的航班运力,,
8504,恢复,深航,湖北其他城市的航班运力,,
8506,恢复,深航,湖北其他城市的航班运力,,
8506,恢复,深航,湖北其他城市的航班运力,,
8508,恢复,深航,湖北其他城市的航班运力,,
8510,恢复,深航,湖北其他城市的航班运力,,
8511,恢复,深航,湖北其他城市的航班运力,,
8511,恢复,深航,湖北其他城市的航班运力,,
8512,恢复,深航,湖北其他城市的航班运力,,
8513,恢复,深航,湖北其他城市的航班运力,,
8515,恢复,深航,湖北其他城市的航班运力,,
8515,恢复,深航,湖北其他城市的航班运力,,
8516,恢复,深航,湖北其他城市的航班运力,,
8516,恢复,深航,湖北其他城市的航班运力,,
8517,恢复,深航,湖北其他城市的航班运力,,
8520,恢复,深航,湖北其他城市的航班运力,,
8521,恢复,深航,湖北其他城市的航班运力,,
8521,恢复,深航,湖北其他城市的航班运力,,
8522,恢复,深航,湖北其他城市的航班运力,,
8524,恢复,深航,湖北其他城市的航班运力,,
8526,恢复,深航,湖北其他城市的航班运力,,
8528,恢复,深航,湖北其他城市的航班运力,,
8531,恢复,深航,湖北其他城市的航班运力,,
8533,恢复,深航,湖北其他城市的航班运力,,
8534,恢复,深航,湖北其他城市的航班运力,,
8535,恢复,深航,湖北其他城市的航班运力,,
8536,恢复,深航,湖北其他城市的航班运力,,
8537,恢复,深航,湖北其他城市的航班运力,,
8541,恢复,深航,湖北其他城市的航班运力,,
8541,恢复,深航,湖北其他城市的航班运力,,
8542,恢复,深航,湖北其他城市的航班运力,,
8544,恢复,深航,湖北其他城市的航班运力,,
8546,恢复,深航,湖北其他城市的航班运力,,
8549,恢复,深航,湖北其他城市的航班运力,,
8551,恢复,深航,湖北其他城市的航班运力,,
8554,恢复,深航,湖北其他城市的航班运力,,
8557,恢复,深航,湖北其他城市的航班运力,,
8559,恢复,深航,湖北其他城市的航班运力,,
8561,恢复,深航,湖北其他城市的航班运力,,
8565,恢复,深航,湖北其他城市的航班运力,,
8567,恢复,深航,湖北其他城市的航班运力,,
8569,恢复,深航,湖北其他城市的航班运力,,
8570,恢复,深航,湖北其他城市的航班运力,,
8573,恢复,深航,湖北其他城市的航班运力,,
8574,恢复,深航,湖北其他城市的航班运力,,
8582,恢复,深航,湖北其他城市的航班运力,,
8583,恢复,深航,湖北其他城市的航班运力,,
8583,恢复,深航,湖北其他城市的航班运力,,
8583,恢复,深航,湖北其他城市的航班运力,,
8585,恢复,深航,湖北其他城市的航班运力,,
8587,恢复,深航,湖北其他城市的航班运力,,
8588,恢复,深航,湖北其他城市的航班运力,,
8592,恢复,深航,湖北其他城市的航班运力,,
8593,恢复,深航,湖北其他城市的航班运力,,
8594,恢复,深航,湖北其他城市的航班运力,,
8596,恢复,深航,湖北其他城市的航班运力,,
8598,恢复,深航,湖北其他城市的航班运力,,
8598,恢复,深航,湖北其他城市的航班运力,,
8600,恢复,深航,湖北其他城市的航班运力,,
8600,恢复,深航,湖北其他城市的航班运力,,
8601,恢复,深航,湖北其他城市的航班运力,,
8602,恢复,深航,湖北其他城市的航班运力,,
8604,恢复,深航,湖北其他城市的航班运力,,
8606,恢复,深航,湖北其他城市的航班运力,,
8607,恢复,深航,湖北其他城市的航班运力,,
8607,恢复,深航,湖北其他城市的航班运力,,
8609,恢复,深航,湖北其他城市的航班运力,,
8610,恢复,深航,湖北其他城市的航班运力,,
8615,恢复,深航,湖北其他城市的航班运力,,
8616,恢复,深航,湖北其他城市的航班运力,,
8617,恢复,深航,湖北其他城市的航班运力,,
8618,恢复,深航,湖北其他城市的航班运力,,
8619,恢复,深航,湖北其他城市的航班运力,,
8620,恢复,深航,湖北其他城市的航班运力,,
8621,恢复,深航,湖北其他城市的航班运力,,
8625,恢复,深航,湖北其他城市的航班运力,,
8626,恢复,深航,湖北其他城市的航班运力,,
8628,恢复,深航,湖北其他城市的航班运力,,
8633,恢复,深航,湖北其他城市的航班运力,,
8634,恢复,深航,湖北其他城市的航班运力,,
8636,恢复,深航,湖北其他城市的航班运力,,
8637,恢复,深航,湖北其他城市的航班运力,,
8642,恢复,深航,湖北其他城市的航班运力,,
8645,恢复,深航,湖北其他城市的航班运力,,
8650,恢复,深航,湖北其他城市的航班运力,,
8651,恢复,深航,湖北其他城市的航班运力,,
8651,恢复,深航,湖北其他城市的航班运力,,
8661,恢复,深航,湖北其他城市的航班运力,,
8661,恢复,深航,湖北其他城市的航班运力,,
8664,恢复,深航,湖北其他城市的航班运力,,
8664,恢复,深航,湖北其他城市的航班运力,,
8664,恢复,深航,湖北其他城市的航班运力,,
8665,恢复,深航,湖北其他城市的航班运力,,
8668,恢复,深航,湖北其他城市的航班运力,,
8668,恢复,深航,湖北其他城市的航班运力,,
8670,恢复,深航,湖北其他城市的航班运力,,
8670,恢复,深航,湖北其他城市的航班运力,,
8675,恢复,深航,湖北其他城市的航班运力,,
8677,恢复,深航,湖北其他城市的航班运力,,
8680,恢复,深航,湖北其他城市的航班运力,,
8686,恢复,深航,湖北其他城市的航班运力,,
8687,恢复,深航,湖北其他城市的航班运力,,
8688,恢复,深航,湖北其他城市的航班运力,,
8690,恢复,深航,湖北其他城市的航班运力,,
8694,恢复,深航,湖北其他城市的航班运力,,
8696,恢复,深航,湖北其他城市的航班运力,,
8698,恢复,深航,湖北其他城市的航班运力,,
8699,恢复,深航,湖北其他城市的航班运力,,
8700,恢复,深航,湖北其他城市的航班运力,,
8701,恢复,深航,湖北其他城市的航班运力,,
8701,恢复,深航,湖北其他城市的航班运力,,
8703,恢复,深航,湖北其他城市的航班运力,,
8704,恢复,深航,湖北其他城市的航班运力,,
8705,恢复,深航,湖北其他城市的航班运力,,
8706,恢复,深航,湖北其他城市的航班运力,,
8706,恢复,深航,湖北其他城市的航班运力,,
8707,恢复,深航,湖北其他城市的航班运力,,
8708,恢复,深航,湖北其他城市的航班运力,,
8709,恢复,深航,湖北其他城市的航班运力,,
8711,恢复,深航,湖北其他城市的航班运力,,
8712,恢复,深航,湖北其他城市的航班运力,,
8713,恢复,深航,湖北其他城市的航班运力,,
8718,恢复,深航,湖北其他城市的航班运力,,
8719,恢复,深航,湖北其他城市的航班运力,,
8719,恢复,深航,湖北其他城市的航班运力,,
8721,恢复,深航,湖北其他城市的航班运力,,
8722,恢复,深航,湖北其他城市的航班运力,,
8723,恢复,深航,湖北其他城市的航班运力,,
8726,恢复,深航,湖北其他城市的航班运力,,
8727,恢复,深航,湖北其他城市的航班运力,,
8728,恢复,深航,湖北其他城市的航班运力,,
8729,恢复,深航,湖北其他城市的航班运力,,
8730,恢复,深航,湖北其他城市的航班运力,,
8731,恢复,深航,湖北其他城市的航班运力,,
8734,恢复,深航,湖北其他城市的航班运力,,
8735,恢复,深航,湖北其他城市的航班运力,,
8736,恢复,深航,湖北其他城市的航班运力,,
8737,恢复,深航,湖北其他城市的航班运力,,
8738,恢复,深航,湖北其他城市的航班运力,,
8739,恢复,深航,湖北其他城市的航班运力,,
8741,恢复,深航,湖北其他城市的航班运力,,
8742,恢复,深航,湖北其他城市的航班运力,,
8743,恢复,深航,湖北其他城市的航班运力,,
8745,恢复,深航,湖北其他城市的航班运力,,
8746,恢复,深航,湖北其他城市的航班运力,,
8747,恢复,深航,湖北其他城市的航班运力,,
8747,恢复,深航,湖北其他城市的航班运力,,
8749,恢复,深航,湖北其他城市的航班运力,,
8751,恢复,深航,湖北其他城市的航班运力,,
8753,恢复,深航,湖北其他城市的航班运力,,
8754,恢复,深航,湖北其他城市的航班运力,,
8760,恢复,深航,湖北其他城市的航班运力,,
8763,恢复,深航,湖北其他城市的航班运力,,
8763,恢复,深航,湖北其他城市的航班运力,,
8765,恢复,深航,湖北其他城市的航班运力,,
8767,恢复,深航,湖北其他城市的航班运力,,
8770,恢复,深航,湖北其他城市的航班运力,,
8771,恢复,深航,湖北其他城市的航班运力,,
8775,恢复,深航,湖北其他城市的航班运力,,
8779,恢复,深航,湖北其他城市的航班运力,,
8781,恢复,深航,湖北其他城市的航班运力,,
8784,恢复,深航,湖北其他城市的航班运力,,
8789,恢复,深航,湖北其他城市的航班运力,,
8793,恢复,深航,湖北其他城市的航班运力,,
8794,恢复,深航,湖北其他城市的航班运力,,
8795,恢复,深航,湖北其他城市的航班运力,,
8803,恢复,深航,湖北其他城市的航班运力,,
8807,恢复,深航,湖北其他城市的航班运力,,
8808,恢复,深航,湖北其他城市的航班运力,,
8811,恢复,深航,湖北其他城市的航班运力,,
8811,恢复,深航,湖北其他城市的航班运力,,
8812,恢复,深航,湖北其他城市的航班运力,,
8814,恢复,深航,湖北其他城市的航班运力,,
8816,恢复,深航,湖北其他城市的航班运力,,
8816,恢复,深航,湖北其他城市的航班运力,,
8816,恢复,深航,湖北其他城市的航班运力,,
8816,恢复,深航,湖北其他城市的航班运力,,
8817,恢复,深航,湖北其他城市的航班运力,,
8818,恢复,深航,湖北其他城市的航班运力,,
8818,恢复,深航,湖北其他城市的航班运力,,
8820,恢复,深航,湖北其他城市的航班运力,,
8824,恢复,深航,湖北其他城市的航班运力,,
8827,恢复,深航,湖北其他城市的航班运力,,
8829,恢复,深航,湖北其他城市的航班运力,,
8833,恢复,深航,湖北其他城市的航班运力,,
8835,恢复,深航,湖北其他城市的航班运力,,
8835,恢复,深航,湖北其他城市的航班运力,,
8836,恢复,深航,湖北其他城市的航班运力,,
8836,恢复,深航,湖北其他城市的航班运力,,
8837,恢复,深航,湖北其他城市的航班运力,,
8839,恢复,深航,湖北其他城市的航班运力,,
8842,恢复,深航,湖北其他城市的航班运力,,
8842,恢复,深航,湖北其他城市的航班运力,,
8848,恢复,深航,湖北其他城市的航班运力,,
8848,恢复,深航,湖北其他城市的航班运力,,
8848,恢复,深航,湖北其他城市的航班运力,,
8849,恢复,深航,湖北其他城市的航班运力,,
8849,恢复,深航,湖北其他城市的航班运力,,
8849,恢复,深航,湖北其他城市的航班运力,,
8851,恢复,深航,湖北其他城市的航班运力,,
8853,恢复,深航,湖北其他城市的航班运力,,
8854,恢复,深航,湖北其他城市的航班运力,,
8859,恢复,深航,湖北其他城市的航班运力,,
8859,恢复,深航,湖北其他城市的航班运力,,
8861,恢复,深航,湖北其他城市的航班运力,,
8863,恢复,深航,湖北其他城市的航班运力,,
8864,恢复,深航,湖北其他城市的航班运力,,
8868,恢复,深航,湖北其他城市的航班运力,,
8870,恢复,深航,湖北其他城市的航班运力,,
8877,恢复,深航,湖北其他城市的航班运力,,
8878,恢复,深航,湖北其他城市的航班运力,,
8887,恢复,深航,湖北其他城市的航班运力,,
8894,恢复,深航,湖北其他城市的航班运力,,
8894,恢复,深航,湖北其他城市的航班运力,,
8897,恢复,深航,湖北其他城市的航班运力,,
8897,恢复,深航,湖北其他城市的航班运力,,
8898,恢复,深航,湖北其他城市的航班运力,,
8899,恢复,深航,湖北其他城市的航班运力,,
8901,恢复,深航,湖北其他城市的航班运力,,
8902,恢复,深航,湖北其他城市的航班运力,,
8903,恢复,深航,湖北其他城市的航班运力,,
8904,恢复,深航,湖北其他城市的航班运力,,
8906,恢复,深航,湖北其他城市的航班运力,,
8906,恢复,深航,湖北其他城市的航班运力,,
8909,恢复,深航,湖北其他城市的航班运力,,
8909,恢复,深航,湖北其他城市的航班运力,,
8912,恢复,深航,湖北其他城市的航班运力,,
8914,恢复,深航,湖北其他城市的航班运力,,
8918,恢复,深航,湖北其他城市的航班运力,,
8918,恢复,深航,湖北其他城市的航班运力,,
8919,恢复,深航,湖北其他城市的航班运力,,
8922,恢复,深航,湖北其他城市的航班运力,,
8923,恢复,深航,湖北其他城市的航班运力,,
8925,恢复,深航,湖北其他城市的航班运力,,
8929,恢复,深航,湖北其他城市的航班运力,,
8930,恢复,深航,湖北其他城市的航班运力,,
8931,恢复,深航,湖北其他城市的航班运力,,
8931,恢复,深航,湖北其他城市的航班运力,,
8934,恢复,深航,湖北其他城市的航班运力,,
8935,恢复,深航,湖北其他城市的航班运力,,
8936,恢复,深航,湖北其他城市的航班运力,,
8938,恢复,深航,湖北其他城市的航班运力,,
8940,恢复,深航,湖北其他城市的航班运力,,
8941,恢复,深航,湖北其他城市的航班运力,,
8941,恢复,深航,湖北其他城市的航班运力,,
8941,恢复,深航,湖北其他城市的航班运力,,
8942,恢复,深航,湖北其他城市的航班运力,,
8943,恢复,深航,湖北其他城市的航班运力,,
8945,恢复,深航,湖北其他城市的航班运力,,
8946,恢复,深航,湖北其他城市的航班运力,,
8947,恢复,深航,湖北其他城市的航班运力,,
8950,恢复,深航,湖北其他城市的航班运力,,
8952,恢复,深航,湖北其他城市的航班运力,,
8953,恢复,深航,湖北其他城市的航班运力,,
8954,恢复,深航,湖北其他城市的航班运力,,
8955,恢复,深航,湖北其他城市的航班运力,,
8956,恢复,深航,湖北其他城市的航班运力,,
8958,恢复,深航,湖北其他城市的航班运力,,
8958,恢复,深航,湖北其他城市的航班运力,,
8959,恢复,深航,湖北其他城市的航班运力,,
8961,恢复,深航,湖北其他城市的航班运力,,
8965,恢复,深航,湖北其他城市的航班运力,,
8966,恢复,深航,湖北其他城市的航班运力,,
8966,恢复,深航,湖北其他城市的航班运力,,
8970,恢复,深航,湖北其他城市的航班运力,,
8973,恢复,深航,湖北其他城市的航班运力,,
8974,恢复,深航,湖北其他城市的航班运力,,
8975,恢复,深航,湖北其他城市的航班运力,,
8976,恢复,深航,湖北其他城市的航班运力,,
8979,恢复,深航,湖北其他城市的航班运力,,
8981,恢复,深航,湖北其他城市的航班运力,,
8982,恢复,深航,湖北其他城市的航班运力,,
8983,恢复,深航,湖北其他城市的航班运力,,
8983,恢复,深航,湖北其他城市的航班运力,,
8985,恢复,深航,湖北其他城市的航班运力,,
8985,恢复,深航,湖北其他城市的航班运力,,
8985,恢复,深航,湖北其他城市的航班运力,,
8986,恢复,深航,湖北其他城市的航班运力,,
8987,恢复,深航,湖北其他城市的航班运力,,
8989,恢复,深航,湖北其他城市的航班运力,,
8989,恢复,深航,湖北其他城市的航班运力,,
8990,恢复,深航,湖北其他城市的航班运力,,
8990,恢复,深航,湖北其他城市的航班运力,,
8993,恢复,深航,湖北其他城市的航班运力,,
8993,恢复,深航,湖北其他城市的航班运力,,
8994,恢复,深航,湖北其他城市的航班运力,,
8995,恢复,深航,湖北其他城市的航班运力,,
8995,恢复,深航,湖北其他城市的航班运力,,
8996,恢复,深航,湖北其他城市的航班运力,,
8997,恢复,深航,湖北其他城市的航班运力,,
8997,恢复,深航,湖北其他城市的航班运力,,
9000,恢复,深航,湖北其他城市的航班运力,,
9001,恢复,深航,湖北其他城市的航班运力,,
9002,恢复,深航,湖北其他城市的航班运力,,
9003,恢复,深航,湖北其他城市的航班运力,,
9004,恢复,深航,湖北其他城市的航班运力,,
9004,恢复,深航,湖北其他城市的航班运力,,
9004,恢复,深航,湖北其他城市的航班运力,,
9005,恢复,深航,湖北其他城市的航班运力,,
9005,恢复,深航,湖北其他城市的航班运力,,
9005,恢复,深航,湖北其他城市的航班运力,,
9008,恢复,深航,湖北其他城市的航班运力,,
9009,恢复,深航,湖北其他城市的航班运力,,
9010,恢复,深航,湖北其他城市的航班运力,,
9011,恢复,深航,湖北其他城市的航班运力,,
9011,恢复,深航,湖北其他城市的航班运力,,
9012,恢复,深航,湖北其他城市的航班运力,,
9013,恢复,深航,湖北其他城市的航班运力,,
9014,恢复,深航,湖北其他城市的航班运力,,
9015,恢复,深航,湖北其他城市的航班运力,,
9018,恢复,深航,湖北其他城市的航班运力,,
9019,恢复,深航,湖北其他城市的航班运力,,
9021,恢复,深航,湖北其他城市的航班运力,,
9023,恢复,深航,湖北其他城市的航班运力,,
9023,恢复,深航,湖北其他城市的航班运力,,
9025,恢复,深航,湖北其他城市的航班运力,,
9026,恢复,深航,湖北其他城市的航班运力,,
9029,恢复,深航,湖北其他城市的航班运力,,
9030,恢复,深航,湖北其他城市的航班运力,,
9030,恢复,深航,湖北其他城市的航班运力,,
9031,恢复,深航,湖北其他城市的航班运力,,
9032,恢复,深航,湖北其他城市的航班运力,,
9033,恢复,深航,湖北其他城市的航班运力,,
9035,恢复,深航,湖北其他城市的航班运力,,
9035,恢复,深航,湖北其他城市的航班运力,,
9036,恢复,深航,湖北其他城市的航班运力,,
9038,恢复,深航,湖北其他城市的航班运力,,
9038,恢复,深航,湖北其他城市的航班运力,,
9039,恢复,深航,湖北其他城市的航班运力,,
9040,恢复,深航,湖北其他城市的航班运力,,
9041,恢复,深航,湖北其他城市的航班运力,,
9042,恢复,深航,湖北其他城市的航班运力,,
9042,恢复,深航,湖北其他城市的航班运力,,
9042,恢复,深航,湖北其他城市的航班运力,,
9044,恢复,深航,湖北其他城市的航班运力,,
9045,恢复,深航,湖北其他城市的航班运力,,
9046,恢复,深航,湖北其他城市的航班运力,,
9048,恢复,深航,湖北其他城市的航班运力,,
9048,恢复,深航,湖北其他城市的航班运力,,
9050,恢复,深航,湖北其他城市的航班运力,,
9050,恢复,深航,湖北其他城市的航班运力,,
9051,恢复,深航,湖北其他城市的航班运力,,
9053,恢复,深航,湖北其他城市的航班运力,,
9053,恢复,深航,湖北其他城市的航班运力,,
9053,恢复,深航,湖北其他城市的航班运力,,
9054,恢复,深航,湖北其他城市的航班运力,,
9054,恢复,深航,湖北其他城市的航班运力,,
9055,恢复,深航,湖北其他城市的航班运力,,
9058,恢复,深航,湖北其他城市的航班运力,,
9059,恢复,深航,湖北其他城市的航班运力,,
9060,恢复,深航,湖北其他城市的航班运力,,
9061,恢复,深航,湖北其他城市的航班运力,,
9063,恢复,深航,湖北其他城市的航班运力,,
9065,恢复,深航,湖北其他城市的航班运力,,
9066,恢复,深航,湖北其他城市的航班运力,,
9067,恢复,深航,湖北其他城市的航班运力,,
9067,恢复,深航,湖北其他城市的航班运力,,
9067,恢复,深航,湖北其他城市的航班运力,,
9069,恢复,深航,湖北其他城市的航班运力,,
9070,恢复,深航,湖北其他城市的航班运力,,
9071,恢复,深航,湖北其他城市的航班运力,,
9072,恢复,深航,湖北其他城市的航班运力,,
9075,恢复,深航,湖北其他城市的航班运力,,
9075,恢复,深航,湖北其他城市的航班运力,,
9076,恢复,深航,湖北其他城市的航班运力,,
9076,恢复,深航,湖北其他城市的航班运力,,
9076,恢复,深航,湖北其他城市的航班运力,,
9077,恢复,深航,湖北其他城市的航班运力,,
9077,恢复,深航,湖北其他城市的航班运力,,
9078,恢复,深航,湖北其他城市的航班运力,,
9078,恢复,深航,湖北其他城市的航班运力,,
9079,恢复,深航,湖北其他城市的航班运力,,
9079,恢复,深航,湖北其他城市的航班运力,,
9080,恢复,深航,湖北其他城市的航班运力,,
9082,恢复,深航,湖北其他城市的航班运力,,
9085,恢复,深航,湖北其他城市的航班运力,,
9086,恢复,深航,湖北其他城市的航班运力,,
9089,恢复,深航,湖北其他城市的航班运力,,
9089,恢复,深航,湖北其他城市的航班运力,,
9096,恢复,深航,湖北其他城市的航班运力,,
9098,恢复,深航,湖北其他城市的航班运力,,
9098,恢复,深航,湖北其他城市的航班运力,,
9100,恢复,深航,湖北其他城市的航班运力,,
9100,恢复,深航,湖北其他城市的航班运力,,
9100,恢复,深航,湖北其他城市的航班运力,,
9101,恢复,深航,湖北其他城市的航班运力,,
9102,恢复,深航,湖北其他城市的航班运力,,
9104,恢复,深航,湖北其他城市的航班运力,,
9104,恢复,深航,湖北其他城市的航班运力,,
9104,恢复,深航,湖北其他城市的航班运力,,
9105,恢复,深航,湖北其他城市的航班运力,,
9106,恢复,深航,湖北其他城市的航班运力,,
9107,恢复,深航,湖北其他城市的航班运力,,
9108,恢复,深航,湖北其他城市的航班运力,,
9109,恢复,深航,湖北其他城市的航班运力,,
9109,恢复,深航,湖北其他城市的航班运力,,
9110,恢复,深航,湖北其他城市的航班运力,,
9112,恢复,深航,湖北其他城市的航班运力,,
9113,恢复,深航,湖北其他城市的航班运力,,
9114,恢复,深航,湖北其他城市的航班运力,,
9115,恢复,深航,湖北其他城市的航班运力,,
9115,恢复,深航,湖北其他城市的航班运力,,
9116,恢复,深航,湖北其他城市的航班运力,,
9116,恢复,深航,湖北其他城市的航班运力,,
9116,恢复,深航,湖北其他城市的航班运力,,
9117,恢复,深航,湖北其他城市的航班运力,,
9117,恢复,深航,湖北其他城市的航班运力,,
9118,恢复,深航,湖北其他城市的航班运力,,
9118,恢复,深航,湖北其他城市的航班运力,,
9118,恢复,深航,湖北其他城市的航班运力,,
9120,恢复,深航,湖北其他城市的航班运力,,
9123,恢复,深航,湖北其他城市的航班运力,,
9123,恢复,深航,湖北其他城市的航班运力,,
9125,恢复,深航,湖北其他城市的航班运力,,
9125,恢复,深航,湖北其他城市的航班运力,,
9126,恢复,深航,湖北其他城市的航班运力,,
9126,恢复,深航,湖北其他城市的航班运力,,
9126,恢复,深航,湖北其他城市的航班运力,,
9128,恢复,深航,湖北其他城市的航班运力,,
9129,恢复,深航,湖北其他城市的航班运力,,
9132,恢复,深航,湖北其他城市的航班运力,,
9133,恢复,深航,湖北其他城市的航班运力,,
9135,恢复,深航,湖北其他城市的航班运力,,
9135,恢复,深航,湖北其他城市的航班运力,,
9137,恢复,深航,湖北其他城市的航班运力,,
9139,恢复,深航,湖北其他城市的航班运力,,
9140,恢复,深航,湖北其他城市的航班运力,,
9140,恢复,深航,湖北其他城市的航班运力,,
9141,恢复,深航,湖北其他城市的航班运力,,
9143,恢复,深航,湖北其他城市的航班运力,,
9144,恢复,深航,湖北其他城市的航班运力,,
9145,恢复,深航,湖北其他城市的航班运力,,
9146,恢复,深航,湖北其他城市的航班运力,,
9147,恢复,深航,湖北其他城市的航班运力,,
9149,恢复,深航,湖北其他城市的航班运力,,
9150,恢复,深航,湖北其他城市的航班运力,,
9150,恢复,深航,湖北其他城市的航班运力,,
9151,恢复,深航,湖北其他城市的航班运力,,
9151,恢复,深航,湖北其他城市的航班运力,,
9151,恢复,深航,湖北其他城市的航班运力,,
9154,恢复,深航,湖北其他城市的航班运力,,
9154,恢复,深航,湖北其他城市的航班运力,,
9155,恢复,深航,湖北其他城市的航班运力,,
9158,恢复,深航,湖北其他城市的航班运力,,
9159,恢复,深航,湖北其他城市的航班运力,,
9160,恢复,深航,湖北其他城市的航班运力,,
9161,恢复,深航,湖北其他城市的航班运力,,
9162,恢复,深航,湖北其他城市的航班运力,,
9164,恢复,深航,湖北其他城市的航班运力,,
9165,恢复,深航,湖北其他城市的航班运力,,
9166,恢复,深航,湖北其他城市的航班运力,,
9167,恢复,深航,湖北其他城市的航班运力,,
9168,恢复,深航,湖北其他城市的航班运力,,
9169,恢复,深航,湖北其他城市的航班运力,,
9169,恢复,深航,湖北其他城市的航班运力,,
9170,恢复,深航,湖北其他城市的航班运力,,
9171,恢复,深航,湖北其他城市的航班运力,,
9171,恢复,深航,湖北其他城市的航班运力,,
9172,恢复,深航,湖北其他城市的航班运力,,
9172,恢复,深航,湖北其他城市的航班运力,,
9174,恢复,深航,湖北其他城市的航班运力,,
9174,恢复,深航,湖北其他城市的航班运力,,
9175,恢复,深航,湖北其他城市的航班运力,,
9178,恢复,深航,湖北其他城市的航班运力,,
9179,恢复,深航,湖北其他城市的航班运力,,
9180,恢复,深航,湖北其他城市的航班运力,,
9180,恢复,深航,湖北其他城市的航班运力,,
9183,恢复,深航,湖北其他城市的航班运力,,
9184,恢复,深航,湖北其他城市的航班运力,,
9187,恢复,深航,湖北其他城市的航班运力,,
9188,恢复,深航,湖北其他城市的航班运力,,
9188,恢复,深航,湖北其他城市的航班运力,,
9188,恢复,深航,湖北其他城市的航班运力,,
9189,恢复,深航,湖北其他城市的航班运力,,
9190,恢复,深航,湖北其他城市的航班运力,,
9190,恢复,深航,湖北其他城市的航班运力,,
9191,恢复,深航,湖北其他城市的航班运力,,
9191,恢复,深航,湖北其他城市的航班运力,,
9193,恢复,深航,湖北其他城市的航班运力,,
9193,恢复,深航,湖北其他城市的航班运力,,
9193,恢复,深航,湖北其他城市的航班运力,,
9194,恢复,深航,湖北其他城市的航班运力,,
9196,恢复,深航,湖北其他城市的航班运力,,
9197,恢复,深航,湖北其他城市的航班运力,,
9197,恢复,深航,湖北其他城市的航班运力,,
9198,恢复,深航,湖北其他城市的航班运力,,
9198,恢复,深航,湖北其他城市的航班运力,,
9198,恢复,深航,湖北其他城市的航班运力,,
9199,恢复,深航,湖北其他城市的航班运力,,
9199,恢复,深航,湖北其他城市的航班运力,,
9201,恢复,深航,湖北其他城市的航班运力,,
9202,恢复,深航,湖北其他城市的航班运力,,
9203,恢复,深航,湖北其他城市的航班运力,,
9204,恢复,深航,湖北其他城市的航班运力,,
9205,恢复,深航,湖北其他城市的航班运力,,
9209,恢复,深航,湖北其他城市的航班运力,,
9209,恢复,深航,湖北其他城市的航班运力,,
9210,恢复,深航,湖北其他城市的航班运力,,
9213,恢复,深航,湖北其他城市的航班运力,,
9214,恢复,深航,湖北其他城市的航班运力,,
9214,恢复,深航,湖北其他城市的航班运力,,
9217,恢复,深航,湖北其他城市的航班运力,,
9217,恢复,深航,湖北其他城市的航班运力,,
9222,恢复,深航,湖北其他城市的航班运力,,
9223,恢复,深航,湖北其他城市的航班运力,,
9225,恢复,深航,湖北其他城市的航班运力,,
9225,恢复,深航,湖北其他城市的航班运力,,
9227,恢复,深航,湖北其他城市的航班运力,,
9228,恢复,深航,湖北其他城市的航班运力,,
9230,恢复,深航,湖北其他城市的航班运力,,
9231,恢复,深航,湖北其他城市的航班运力,,
9232,恢复,深航,湖北其他城市的航班运力,,
9233,恢复,深航,湖北其他城市的航班运力,,
9234,恢复,深航,湖北其他城市的航班运力,,
9235,恢复,深航,湖北其他城市的航班运力,,
9236,恢复,深航,湖北其他城市的航班运力,,
9237,恢复,深航,湖北其他城市的航班运力,,
9238,恢复,深航,湖北其他城市的航班运力,,
9240,恢复,深航,湖北其他城市的航班运力,,
9241,恢复,深航,湖北其他城市的航班运力,,
9241,恢复,深航,湖北其他城市的航班运力,,
9242,恢复,深航,湖北其他城市的航班运力,,
9243,恢复,深航,湖北其他城市的航班运力,,
9246,恢复,深航,湖北其他城市的航班运力,,
9246,恢复,深航,湖北其他城市的航班运力,,
9247,恢复,深航,湖北其他城市的航班运力,,
9247,恢复,深航,湖北其他城市的航班运力,,
9248,恢复,深航,湖北其他城市的航班运力,,
9248,恢复,深航,湖北其他城市的航班运力,,
9249,恢复,深航,湖北其他城市的航班运力,,
9249,恢复,深航,湖北其他城市的航班运力,,
9250,恢复,深航,湖北其他城市的航班运力,,
9251,恢复,深航,湖北其他城市的航班运力,,
9251,恢复,深航,湖北其他城市的航班运力,,
9253,恢复,深航,湖北其他城市的航班运力,,
9254,恢复,深航,湖北其他城市的航班运力,,
9254,恢复,深航,湖北其他城市的航班运力,,
9255,恢复,深航,湖北其他城市的航班运力,,
9256,恢复,深航,湖北其他城市的航班运力,,
9257,恢复,深航,湖北其他城市的航班运力,,
9257,恢复,深航,湖北其他城市的航班运力,,
9257,恢复,深航,湖北其他城市的航班运力,,
9257,恢复,深航,湖北其他城市的航班运力,,
9257,恢复,深航,湖北其他城市的航班运力,,
9261,恢复,深航,湖北其他城市的航班运力,,
9261,恢复,深航,湖北其他城市的航班运力,,
9264,恢复,深航,湖北其他城市的航班运力,,
9265,恢复,深航,湖北其他城市的航班运力,,
9266,恢复,深航,湖北其他城市的航班运力,,
9267,恢复,深航,湖北其他城市的航班运力,,
9269,恢复,深航,湖北其他城市的航班运力,,
9270,恢复,深航,湖北其他城市的航班运力,,
9272,恢复,深航,湖北其他城市的航班运力,,
9273,恢复,深航,湖北其他城市的航班运力,,
9274,恢复,深航,湖北其他城市的航班运力,,
9274,恢复,深航,湖北其他城市的航班运力,,
9274,恢复,深航,湖北其他城市的航班运力,,
9275,恢复,深航,湖北其他城市的航班运力,,
9276,恢复,深航,湖北其他城市的航班运力,,
9279,恢复,深航,湖北其他城市的航班运力,,
9280,恢复,深航,湖北其他城市的航班运力,,
9280,恢复,深航,湖北其他城市的航班运力,,
9281,恢复,深航,湖北其他城市的航班运力,,
9282,恢复,深航,湖北其他城市的航班运力,,
9283,恢复,深航,湖北其他城市的航班运力,,
9283,恢复,深航,湖北其他城市的航班运力,,
9283,恢复,深航,湖北其他城市的航班运力,,
9284,恢复,深航,湖北其他城市的航班运力,,
9284,恢复,深航,湖北其他城市的航班运力,,
9286,恢复,深航,湖北其他城市的航班运力,,
9287,恢复,深航,湖北其他城市的航班运力,,
9288,恢复,深航,湖北其他城市的航班运力,,
9288,恢复,深航,湖北其他城市的航班运力,,
9289,恢复,深航,湖北其他城市的航班运力,,
9290,恢复,深航,湖北其他城市的航班运力,,
9290,恢复,深航,湖北其他城市的航班运力,,
9291,恢复,深航,湖北其他城市的航班运力,,
9294,恢复,深航,湖北其他城市的航班运力,,
9300,恢复,深航,湖北其他城市的航班运力,,
9300,恢复,深航,湖北其他城市的航班运力,,
9301,恢复,深航,湖北其他城市的航班运力,,
9302,恢复,深航,湖北其他城市的航班运力,,
9302,恢复,深航,湖北其他城市的航班运力,,
9303,恢复,深航,湖北其他城市的航班运力,,
9307,恢复,深航,湖北其他城市的航班运力,,
9307,恢复,深航,湖北其他城市的航班运力,,
9308,恢复,深航,湖北其他城市的航班运力,,
9309,恢复,深航,湖北其他城市的航班运力,,
9309,恢复,深航,湖北其他城市的航班运力,,
9309,恢复,深航,湖北其他城市的航班运力,,
9312,恢复,深航,湖北其他城市的航班运力,,
9312,恢复,深航,湖北其他城市的航班运力,,
9312,恢复,深航,湖北其他城市的航班运力,,
9312,恢复,深航,湖北其他城市的航班运力,,
9313,恢复,深航,湖北其他城市的航班运力,,
9313,恢复,深航,湖北其他城市的航班运力,,
9318,恢复,深航,湖北其他城市的航班运力,,
9318,恢复,深航,湖北其他城市的航班运力,,
9320,恢复,深航,湖北其他城市的航班运力,,
9323,恢复,深航,湖北其他城市的航班运力,,
9323,恢复,深航,湖北其他城市的航班运力,,
9325,恢复,深航,湖北其他城市的航班运力,,
9326,恢复,深航,湖北其他城市的航班运力,,
9329,恢复,深航,湖北其他城市的航班运力,,
9330,恢复,深航,湖北其他城市的航班运力,,
9331,恢复,深航,湖北其他城市的航班运力,,
9332,恢复,深航,湖北其他城市的航班运力,,
9336,恢复,深航,湖北其他城市的航班运力,,
9337,恢复,深航,湖北其他城市的航班运力,,
9338,恢复,深航,湖北其他城市的航班运力,,
9338,恢复,深航,湖北其他城市的航班运力,,
9340,恢复,深航,湖北其他城市的航班运力,,
9341,恢复,深航,湖北其他城市的航班运力,,
9343,恢复,深航,湖北其他城市的航班运力,,
9343,恢复,深航,湖北其他城市的航班运力,,
9344,恢复,深航,湖北其他城市的航班运力,,
9345,恢复,深航,湖北其他城市的航班运力,,
9346,恢复,深航,湖北其他城市的航班运力,,
9347,恢复,深航,湖北其他城市的航班运力,,
9351,恢复,深航,湖北其他城市的航班运力,,
9351,恢复,深航,湖北其他城市的航班运力,,
9352,恢复,深航,湖北其他城市的航班运力,,
9352,恢复,深航,湖北其他城市的航班运力,,
9352,恢复,深航,湖北其他城市的航班运力,,
9354,恢复,深航,湖北其他城市的航班运力,,
9355,恢复,深航,湖北其他城市的航班运力,,
9356,恢复,深航,湖北其他城市的航班运力,,
9357,恢复,深航,湖北其他城市的航班运力,,
9358,恢复,深航,湖北其他城市的航班运力,,
9358,恢复,深航,湖北其他城市的航班运力,,
9360,恢复,深航,湖北其他城市的航班运力,,
9361,恢复,深航,湖北其他城市的航班运力,,
9362,恢复,深航,湖北其他城市的航班运力,,
9365,恢复,深航,湖北其他城市的航班运力,,
9365,恢复,深航,湖北其他城市的航班运力,,
9366,恢复,深航,湖北其他城市的航班运力,,
9369,恢复,深航,湖北其他城市的航班运力,,
9369,恢复,深航,湖北其他城市的航班运力,,
9372,恢复,深航,湖北其他城市的航班运力,,
9373,恢复,深航,湖北其他城市的航班运力,,
9373,恢复,深航,湖北其他城市的航班运力,,
9375,恢复,深航,湖北其他城市的航班运力,,
9376,恢复,深航,湖北其他城市的航班运力,,
9377,恢复,深航,湖北其他城市的航班运力,,
9379,恢复,深航,湖北其他城市的航班运力,,
9380,恢复,深航,湖北其他城市的航班运力,,
9380,恢复,深航,湖北其他城市的航班运力,,
9383,恢复,深航,湖北其他城市的航班运力,,
9383,恢复,深航,湖北其他城市的航班运力,,
9383,恢复,深航,湖北其他城市的航班运力,,
9383,恢复,深航,湖北其他城市的航班运力,,
9386,恢复,深航,湖北其他城市的航班运力,,
9387,恢复,深航,湖北其他城市的航班运力,,
9390,恢复,深航,湖北其他城市的航班运力,,
9391,恢复,深航,湖北其他城市的航班运力,,
9394,恢复,深航,湖北其他城市的航班运力,,
9396,恢复,深航,湖北其他城市的航班运力,,
9397,恢复,深航,湖北其他城市的航班运力,,
9397,恢复,深航,湖北其他城市的航班运力,,
9398,恢复,深航,湖北其他城市的航班运力,,
9400,恢复,深航,湖北其他城市的航班运力,,
9401,恢复,深航,湖北其他城市的航班运力,,
9403,恢复,深航,湖北其他城市的航班运力,,
9404,恢复,深航,湖北其他城市的航班运力,,
9405,恢复,深航,湖北其他城市的航班运力,,
9405,恢复,深航,湖北其他城市的航班运力,,
9406,恢复,深航,湖北其他城市的航班运力,,
9407,恢复,深航,湖北其他城市的航班运力,,
9408,恢复,深航,湖北其他城市的航班运力,,
9410,恢复,深航,湖北其他城市的航班运力,,
9410,恢复,深航,湖北其他城市的航班运力,,
9411,恢复,深航,湖北其他城市的航班运力,,
9412,恢复,深航,湖北其他城市的航班运力,,
9412,恢复,深航,湖北其他城市的航班运力,,
9413,恢复,深航,湖北其他城市的航班运力,,
9414,恢复,深航,湖北其他城市的航班运力,,
9414,恢复,深航,湖北其他城市的航班运力,,
9415,恢复,深航,湖北其他城市的航班运力,,
9416,恢复,深航,湖北其他城市的航班运力,,
9416,恢复,深航,湖北其他城市的航班运力,,
9418,恢复,深航,湖北其他城市的航班运力,,
9419,恢复,深航,湖北其他城市的航班运力,,
9421,恢复,深航,湖北其他城市的航班运力,,
9422,恢复,深航,湖北其他城市的航班运力,,
9422,恢复,深航,湖北其他城市的航班运力,,
9423,恢复,深航,湖北其他城市的航班运力,,
9424,恢复,深航,湖北其他城市的航班运力,,
9425,恢复,深航,湖北其他城市的航班运力,,
9427,恢复,深航,湖北其他城市的航班运力,,
9428,恢复,深航,湖北其他城市的航班运力,,
9428,恢复,深航,湖北其他城市的航班运力,,
9429,恢复,深航,湖北其他城市的航班运力,,
9430,恢复,深航,湖北其他城市的航班运力,,
9434,恢复,深航,湖北其他城市的航班运力,,
9435,恢复,深航,湖北其他城市的航班运力,,
9437,恢复,深航,湖北其他城市的航班运力,,
9437,恢复,深航,湖北其他城市的航班运力,,
9438,恢复,深航,湖北其他城市的航班运力,,
9438,恢复,深航,湖北其他城市的航班运力,,
9439,恢复,深航,湖北其他城市的航班运力,,
9440,恢复,深航,湖北其他城市的航班运力,,
9440,恢复,深航,湖北其他城市的航班运力,,
9441,恢复,深航,湖北其他城市的航班运力,,
9442,恢复,深航,湖北其他城市的航班运力,,
9443,恢复,深航,湖北其他城市的航班运力,,
9446,恢复,深航,湖北其他城市的航班运力,,
9447,恢复,深航,湖北其他城市的航班运力,,
9450,恢复,深航,湖北其他城市的航班运力,,
9450,恢复,深航,湖北其他城市的航班运力,,
9450,恢复,深航,湖北其他城市的航班运力,,
9450,恢复,深航,湖北其他城市的航班运力,,
9452,恢复,深航,湖北其他城市的航班运力,,
9455,恢复,深航,湖北其他城市的航班运力,,
9456,恢复,深航,湖北其他城市的航班运力,,
9457,恢复,深航,湖北其他城市的航班运力,,
9458,恢复,深航,湖北其他城市的航班运力,,
9458,恢复,深航,湖北其他城市的航班运力,,
9459,恢复,深航,湖北其他城市的航班运力,,
9459,恢复,深航,湖北其他城市的航班运力,,
9460,恢复,深航,湖北其他城市的航班运力,,
9461,恢复,深航,湖北其他城市的航班运力,,
9462,恢复,深航,湖北其他城市的航班运力,,
9464,恢复,深航,湖北其他城市的航班运力,,
9464,恢复,深航,湖北其他城市的航班运力,,
9466,恢复,深航,湖北其他城市的航班运力,,
9466,恢复,深航,湖北其他城市的航班运力,,
9467,恢复,深航,湖北其他城市的航班运力,,
9467,恢复,深航,湖北其他城市的航班运力,,
9471,恢复,深航,湖北其他城市的航班运力,,
9472,恢复,深航,湖北其他城市的航班运力,,
9473,恢复,深航,湖北其他城市的航班运力,,
9473,恢复,深航,湖北其他城市的航班运力,,
9473,恢复,深航,湖北其他城市的航班运力,,
9474,恢复,深航,湖北其他城市的航班运力,,
9474,恢复,深航,湖北其他城市的航班运力,,
9475,恢复,深航,湖北其他城市的航班运力,,
9477,恢复,深航,湖北其他城市的航班运力,,
9478,恢复,深航,湖北其他城市的航班运力,,
9479,恢复,深航,湖北其他城市的航班运力,,
9479,恢复,深航,湖北其他城市的航班运力,,
9480,恢复,深航,湖北其他城市的航班运力,,
9482,恢复,深航,湖北其他城市的航班运力,,
9487,恢复,深航,湖北其他城市的航班运力,,
9488,恢复,深航,湖北其他城市的航班运力,,
9490,恢复,深航,湖北其他城市的航班运力,,
9492,恢复,深航,湖北其他城市的航班运力,,
9493,恢复,深航,湖北其他城市的航班运力,,
9493,恢复,深航,湖北其他城市的航班运力,,
9495,恢复,深航,湖北其他城市的航班运力,,
9495,恢复,深航,湖北其他城市的航班运力,,
9496,恢复,深航,湖北其他城市的航班运力,,
9497,恢复,深航,湖北其他城市的航班运力,,
9498,恢复,深航,湖北其他城市的航班运力,,
9501,恢复,深航,湖北其他城市的航班运力,,
9501,恢复,深航,湖北其他城市的航班运力,,
9502,恢复,深航,湖北其他城市的航班运力,,
9504,恢复,深航,湖北其他城市的航班运力,,
9505,恢复,深航,湖北其他城市的航班运力,,
9506,恢复,深航,湖北其他城市的航班运力,,
9507,恢复,深航,湖北其他城市的航班运力,,
9507,恢复,深航,湖北其他城市的航班运力,,
9509,恢复,深航,湖北其他城市的航班运力,,
9510,恢复,深航,湖北其他城市的航班运力,,
9512,恢复,深航,湖北其他城市的航班运力,,
9514,恢复,深航,湖北其他城市的航班运力,,
9514,恢复,深航,湖北其他城市的航班运力,,
9515,恢复,深航,湖北其他城市的航班运力,,
9515,恢复,深航,湖北其他城市的航班运力,,
9517,恢复,深航,湖北其他城市的航班运力,,
9518,恢复,深航,湖北其他城市的航班运力,,
9518,恢复,深航,湖北其他城市的航班运力,,
9518,恢复,深航,湖北其他城市的航班运力,,
9520,恢复,深航,湖北其他城市的航班运力,,
9520,恢复,深航,湖北其他城市的航班运力,,
9521,恢复,深航,湖北其他城市的航班运力,,
9522,恢复,深航,湖北其他城市的航班运力,,
9523,恢复,深航,湖北其他城市的航班运力,,
9524,恢复,深航,湖北其他城市的航班运力,,
9525,恢复,深航,湖北其他城市的航班运力,,
9526,恢复,深航,湖北其他城市的航班运力,,
9527,恢复,深航,湖北其他城市的航班运力,,
9528,恢复,深航,湖北其他城市的航班运力,,
9528,恢复,深航,湖北其他城市的航班运力,,
9529,恢复,深航,湖北其他城市的航班运力,,
9529,恢复,深航,湖北其他城市的航班运力,,
9530,恢复,深航,湖北其他城市的航班运力,,
9532,恢复,深航,湖北其他城市的航班运力,,
9534,恢复,深航,湖北其他城市的航班运力,,
9536,恢复,深航,湖北其他城市的航班运力,,
9538,恢复,深航,湖北其他城市的航班运力,,
9539,恢复,深航,湖北其他城市的航班运力,,
9541,恢复,深航,湖北其他城市的航班运力,,
9543,恢复,深航,湖北其他城市的航班运力,,
9545,恢复,深航,湖北其他城市的航班运力,,
9546,恢复,深航,湖北其他城市的航班运力,,
9546,恢复,深航,湖北其他城市的航班运力,,
9546,恢复,深航,湖北其他城市的航班运力,,
9546,恢复,深航,湖北其他城市的航班运力,,
9547,恢复,深航,湖北其他城市的航班运力,,
9547,恢复,深航,湖北其他城市的航班运力,,
9547,恢复,深航,湖北其他城市的航班运力,,
9548,恢复,深航,湖北其他城市的航班运力,,
9549,恢复,深航,湖北其他城市的航班运力,,
9550,恢复,深航,湖北其他城市的航班运力,,
9551,恢复,深航,湖北其他城市的航班运力,,
9552,恢复,深航,湖北其他城市的航班运力,,
9552,恢复,深航,湖北其他城市的航班运力,,
9553,恢复,深航,湖北其他城市的航班运力,,
9553,恢复,深航,湖北其他城市的航班运力,,
9554,恢复,深航,湖北其他城市的航班运力,,
9555,恢复,深航,湖北其他城市的航班运力,,
9557,恢复,深航,湖北其他城市的航班运力,,
9557,恢复,深航,湖北其他城市的航班运力,,
9557,恢复,深航,湖北其他城市的航班运力,,
9557,恢复,深航,湖北其他城市的航班运力,,
9558,恢复,深航,湖北其他城市的航班运力,,
9558,恢复,深航,湖北其他城市的航班运力,,
9560,恢复,深航,湖北其他城市的航班运力,,
9560,恢复,深航,湖北其他城市的航班运力,,
9560,恢复,深航,湖北其他城市的航班运力,,
9560,恢复,深航,湖北其他城市的航班运力,,
9561,恢复,深航,湖北其他城市的航班运力,,
9561,恢复,深航,湖北其他城市的航班运力,,
9562,恢复,深航,湖北其他城市的航班运力,,
9563,恢复,深航,湖北其他城市的航班运力,,
9563,恢复,深航,湖北其他城市的航班运力,,
9564,恢复,深航,湖北其他城市的航班运力,,
9566,恢复,深航,湖北其他城市的航班运力,,
9566,恢复,深航,湖北其他城市的航班运力,,
9566,恢复,深航,湖北其他城市的航班运力,,
9567,恢复,深航,湖北其他城市的航班运力,,
9568,恢复,深航,湖北其他城市的航班运力,,
9568,恢复,深航,湖北其他城市的航班运力,,
9569,恢复,深航,湖北其他城市的航班运力,,
9570,恢复,深航,湖北其他城市的航班运力,,
9571,恢复,深航,湖北其他城市的航班运力,,
9573,恢复,深航,湖北其他城市的航班运力,,
9574,恢复,深航,湖北其他城市的航班运力,,
9575,恢复,深航,湖北其他城市的航班运力,,
9577,恢复,深航,湖北其他城市的航班运力,,
9577,恢复,深航,湖北其他城市的航班运力,,
9578,恢复,深航,湖北其他城市的航班运力,,
9579,恢复,深航,湖北其他城市的航班运力,,
9579,恢复,深航,湖北其他城市的航班运力,,
9580,恢复,深航,湖北其他城市的航班运力,,
9582,恢复,深航,湖北其他城市的航班运力,,
9583,恢复,深航,湖北其他城市的航班运力,,
9584,恢复,深航,湖北其他城市的航班运力,,
9585,恢复,深航,湖北其他城市的航班运力,,
9585,恢复,深航,湖北其他城市的航班运力,,
9585,恢复,深航,湖北其他城市的航班运力,,
9587,恢复,深航,湖北其他城市的航班运力,,
9587,恢复,深航,湖北其他城市的航班运力,,
9589,恢复,深航,湖北其他城市的航班运力,,
9589,恢复,深航,湖北其他城市的航班运力,,
9590,恢复,深航,湖北其他城市的航班运力,,
9591,恢复,深航,湖北其他城市的航班运力,,
9591,恢复,深航,湖北其他城市的航班运力,,
9591,恢复,深航,湖北其他城市的航班运力,,
9593,恢复,深航,湖北其他城市的航班运力,,
9593,恢复,深航,湖北其他城市的航班运力,,
9593,恢复,深航,湖北其他城市的航班运力,,
9595,恢复,深航,湖北其他城市的航班运力,,
9596,恢复,深航,湖北其他城市的航班运力,,
9597,恢复,深航,湖北其他城市的航班运力,,
9597,恢复,深航,湖北其他城市的航班运力,,
9598,恢复,深航,湖北其他城市的航班运力,,
9598,恢复,深航,湖北其他城市的航班运力,,
9599,恢复,深航,湖北其他城市的航班运力,,
9600,恢复,深航,湖北其他城市的航班运力,,
9601,恢复,深航,湖北其他城市的航班运力,,
9602,恢复,深航,湖北其他城市的航班运力,,
9603,恢复,深航,湖北其他城市的航班运力,,
9604,恢复,深航,湖北其他城市的航班运力,,
9605,恢复,深航,湖北其他城市的航班运力,,
9606,恢复,深航,湖北其他城市的航班运力,,
9606,恢复,深航,湖北其他城市的航班运力,,
9607,恢复,深航,湖北其他城市的航班运力,,
9607,恢复,深航,湖北其他城市的航班运力,,
9607,恢复,深航,湖北其他城市的航班运力,,
9608,恢复,深航,湖北其他城市的航班运力,,
9608,恢复,深航,湖北其他城市的航班运力,,
9615,恢复,深航,湖北其他城市的航班运力,,
9615,恢复,深航,湖北其他城市的航班运力,,
9616,恢复,深航,湖北其他城市的航班运力,,
9617,恢复,深航,湖北其他城市的航班运力,,
9618,恢复,深航,湖北其他城市的航班运力,,
9619,恢复,深航,湖北其他城市的航班运力,,
9619,恢复,深航,湖北其他城市的航班运力,,
9620,恢复,深航,湖北其他城市的航班运力,,
9622,恢复,深航,湖北其他城市的航班运力,,
9624,恢复,深航,湖北其他城市的航班运力,,
9624,恢复,深航,湖北其他城市的航班运力,,
9626,恢复,深航,湖北其他城市的航班运力,,
9627,恢复,深航,湖北其他城市的航班运力,,
9627,恢复,深航,湖北其他城市的航班运力,,
9628,恢复,深航,湖北其他城市的航班运力,,
9629,恢复,深航,湖北其他城市的航班运力,,
9630,恢复,深航,湖北其他城市的航班运力,,
9630,恢复,深航,湖北其他城市的航班运力,,
9632,恢复,深航,湖北其他城市的航班运力,,
9632,恢复,深航,湖北其他城市的航班运力,,
9634,恢复,深航,湖北其他城市的航班运力,,
9634,恢复,深航,湖北其他城市的航班运力,,
9636,恢复,深航,湖北其他城市的航班运力,,
9636,恢复,深航,湖北其他城市的航班运力,,
9637,恢复,深航,湖北其他城市的航班运力,,
9638,恢复,深航,湖北其他城市的航班运力,,
9639,恢复,深航,湖北其他城市的航班运力,,
9641,恢复,深航,湖北其他城市的航班运力,,
9643,恢复,深航,湖北其他城市的航班运力,,
9643,恢复,深航,湖北其他城市的航班运力,,
9644,恢复,深航,湖北其他城市的航班运力,,
9644,恢复,深航,湖北其他城市的航班运力,,
9644,恢复,深航,湖北其他城市的航班运力,,
9645,恢复,深航,湖北其他城市的航班运力,,
9646,恢复,深航,湖北其他城市的航班运力,,
9646,恢复,深航,湖北其他城市的航班运力,,
9648,恢复,深航,湖北其他城市的航班运力,,
9648,恢复,深航,湖北其他城市的航班运力,,
9649,恢复,深航,湖北其他城市的航班运力,,
9649,恢复,深航,湖北其他城市的航班运力,,
9650,恢复,深航,湖北其他城市的航班运力,,
9650,恢复,深航,湖北其他城市的航班运力,,
9651,恢复,深航,湖北其他城市的航班运力,,
9652,恢复,深航,湖北其他城市的航班运力,,
9652,恢复,深航,湖北其他城市的航班运力,,
9654,恢复,深航,湖北其他城市的航班运力,,
9655,恢复,深航,湖北其他城市的航班运力,,
9656,恢复,深航,湖北其他城市的航班运力,,
9656,恢复,深航,湖北其他城市的航班运力,,
9656,恢复,深航,湖北其他城市的航班运力,,
9657,恢复,深航,湖北其他城市的航班运力,,
9658,恢复,深航,湖北其他城市的航班运力,,
9658,恢复,深航,湖北其他城市的航班运力,,
9659,恢复,深航,湖北其他城市的航班运力,,
9659,恢复,深航,湖北其他城市的航班运力,,
9660,恢复,深航,湖北其他城市的航班运力,,
9660,恢复,深航,湖北其他城市的航班运力,,
9660,恢复,深航,湖北其他城市的航班运力,,
9660,恢复,深航,湖北其他城市的航班运力,,
9661,恢复,深航,湖北其他城市的航班运力,,
9661,恢复,深航,湖北其他城市的航班运力,,
9663,恢复,深航,湖北其他城市的航班运力,,
9663,恢复,深航,湖北其他城市的航班运力,,
9663,恢复,深航,湖北其他城市的航班运力,,
9663,恢复,深航,湖北其他城市的航班运力,,
9664,恢复,深航,湖北其他城市的航班运力,,
9665,恢复,深航,湖北其他城市的航班运力,,
9665,恢复,深航,湖北其他城市的航班运力,,
9665,恢复,深航,湖北其他城市的航班运力,,
9667,恢复,深航,湖北其他城市的航班运力,,
9667,恢复,深航,湖北其他城市的航班运力,,
9668,恢复,深航,湖北其他城市的航班运力,,
9668,恢复,深航,湖北其他城市的航班运力,,
9669,恢复,深航,湖北其他城市的航班运力,,
9670,恢复,深航,湖北其他城市的航班运力,,
9672,恢复,深航,湖北其他城市的航班运力,,
9673,恢复,深航,湖北其他城市的航班运力,,
9676,恢复,深航,湖北其他城市的航班运力,,
9677,恢复,深航,湖北其他城市的航班运力,,
9679,恢复,深航,湖北其他城市的航班运力,,
9680,恢复,深航,湖北其他城市的航班运力,,
9681,恢复,深航,湖北其他城市的航班运力,,
9682,恢复,深航,湖北其他城市的航班运力,,
9683,恢复,深航,湖北其他城市的航班运力,,
9686,恢复,深航,湖北其他城市的航班运力,,
9686,恢复,深航,湖北其他城市的航班运力,,
9687,恢复,深航,湖北其他城市的航班运力,,
9687,恢复,深航,湖北其他城市的航班运力,,
9687,恢复,深航,湖北其他城市的航班运力,,
9688,恢复,深航,湖北其他城市的航班运力,,
9689,恢复,深航,湖北其他城市的航班运力,,
9691,恢复,深航,湖北其他城市的航班运力,,
9691,恢复,深航,湖北其他城市的航班运力,,
9692,恢复,深航,湖北其他城市的航班运力,,
9692,恢复,深航,湖北其他城市的航班运力,,
9693,恢复,深航,湖北其他城市的航班运力,,
9694,恢复,深航,湖北其他城市的航班运力,,
9694,恢复,深航,湖北其他城市的航班运力,,
9694,恢复,深航,湖北其他城市的航班运力,,
9695,恢复,深航,湖北其他城市的航班运力,,
9695,恢复,深航,湖北其他城市的航班运力,,
9696,恢复,深航,湖北其他城市的航班运力,,
9697,恢复,深航,湖北其他城市的航班运力,,
9698,恢复,深航,湖北其他城市的航班运力,,
9699,恢复,深航,湖北其他城市的航班运力,,
9701,恢复,深航,湖北其他城市的航班运力,,
9702,恢复,深航,湖北其他城市的航班运力,,
9703,恢复,深航,湖北其他城市的航班运力,,
9705,恢复,深航,湖北其他城市的航班运力,,
9705,恢复,深航,湖北其他城市的航班运力,,
9706,恢复,深航,湖北其他城市的航班运力,,
9709,恢复,深航,湖北其他城市的航班运力,,
9711,恢复,深航,湖北其他城市的航班运力,,
9712,恢复,深航,湖北其他城市的航班运力,,
9713,恢复,深航,湖北其他城市的航班运力,,
9713,恢复,深航,湖北其他城市的航班运力,,
9713,恢复,深航,湖北其他城市的航班运力,,
9715,恢复,深航,湖北其他城市的航班运力,,
9716,恢复,深航,湖北其他城市的航班运力,,
9716,恢复,深航,湖北其他城市的航班运力,,
9717,恢复,深航,湖北其他城市的航班运力,,
9718,恢复,深航,湖北其他城市的航班运力,,
9720,恢复,深航,湖北其他城市的航班运力,,
9722,恢复,深航,湖北其他城市的航班运力,,
9723,恢复,深航,湖北其他城市的航班运力,,
9723,恢复,深航,湖北其他城市的航班运力,,
9725,恢复,深航,湖北其他城市的航班运力,,
9725,恢复,深航,湖北其他城市的航班运力,,
9726,恢复,深航,湖北其他城市的航班运力,,
9730,恢复,深航,湖北其他城市的航班运力,,
9731,恢复,深航,湖北其他城市的航班运力,,
9734,恢复,深航,湖北其他城市的航班运力,,
9735,恢复,深航,湖北其他城市的航班运力,,
9737,恢复,深航,湖北其他城市的航班运力,,
9738,恢复,深航,湖北其他城市的航班运力,,
9738,恢复,深航,湖北其他城市的航班运力,,
9739,恢复,深航,湖北其他城市的航班运力,,
9740,恢复,深航,湖北其他城市的航班运力,,
9741,恢复,深航,湖北其他城市的航班运力,,
9742,恢复,深航,湖北其他城市的航班运力,,
9742,恢复,深航,湖北其他城市的航班运力,,
9744,恢复,深航,湖北其他城市的航班运力,,
9746,恢复,深航,湖北其他城市的航班运力,,
9748,恢复,深航,湖北其他城市的航班运力,,
9749,恢复,深航,湖北其他城市的航班运力,,
9750,恢复,深航,湖北其他城市的航班运力,,
9750,恢复,深航,湖北其他城市的航班运力,,
9751,恢复,深航,湖北其他城市的航班运力,,
9751,恢复,深航,湖北其他城市的航班运力,,
9751,恢复,深航,湖北其他城市的航班运力,,
9752,恢复,深航,湖北其他城市的航班运力,,
9755,恢复,深航,湖北其他城市的航班运力,,
9759,恢复,深航,湖北其他城市的航班运力,,
9761,恢复,深航,湖北其他城市的航班运力,,
9761,恢复,深航,湖北其他城市的航班运力,,
9761,恢复,深航,湖北其他城市的航班运力,,
9763,恢复,深航,湖北其他城市的航班运力,,
9763,恢复,深航,湖北其他城市的航班运力,,
9765,恢复,深航,湖北其他城市的航班运力,,
9765,恢复,深航,湖北其他城市的航班运力,,
9766,恢复,深航,湖北其他城市的航班运力,,
9767,恢复,深航,湖北其他城市的航班运力,,
9769,恢复,深航,湖北其他城市的航班运力,,
9769,恢复,深航,湖北其他城市的航班运力,,
9769,恢复,深航,湖北其他城市的航班运力,,
9770,恢复,深航,湖北其他城市的航班运力,,
9773,恢复,深航,湖北其他城市的航班运力,,
9773,恢复,深航,湖北其他城市的航班运力,,
9774,恢复,深航,湖北其他城市的航班运力,,
9778,恢复,深航,湖北其他城市的航班运力,,
9778,恢复,深航,湖北其他城市的航班运力,,
9779,恢复,深航,湖北其他城市的航班运力,,
9780,恢复,深航,湖北其他城市的航班运力,,
9780,恢复,深航,湖北其他城市的航班运力,,
9780,恢复,深航,湖北其他城市的航班运力,,
9780,恢复,深航,湖北其他城市的航班运力,,
9781,恢复,深航,湖北其他城市的航班运力,,
9781,恢复,深航,湖北其他城市的航班运力,,
9781,恢复,深航,湖北其他城市的航班运力,,
9782,恢复,深航,湖北其他城市的航班运力,,
9782,恢复,深航,湖北其他城市的航班运力,,
9783,恢复,深航,湖北其他城市的航班运力,,
9784,恢复,深航,湖北其他城市的航班运力,,
9786,恢复,深航,湖北其他城市的航班运力,,
9786,恢复,深航,湖北其他城市的航班运力,,
9788,恢复,深航,湖北其他城市的航班运力,,
9791,恢复,深航,湖北其他城市的航班运力,,
9792,恢复,深航,湖北其他城市的航班运力,,
9795,恢复,深航,湖北其他城市的航班运力,,
9795,恢复,深航,湖北其他城市的航班运力,,
9796,恢复,深航,湖北其他城市的航班运力,,
9796,恢复,深航,湖北其他城市的航班运力,,
9798,恢复,深航,湖北其他城市的航班运力,,
9798,恢复,深航,湖北其他城市的航班运力,,
9799,恢复,深航,湖北其他城市的航班运力,,
9800,恢复,深航,湖北其他城市的航班运力,,
9804,恢复,深航,湖北其他城市的航班运力,,
9804,恢复,深航,湖北其他城市的航班运力,,
9804,恢复,深航,湖北其他城市的航班运力,,
9806,恢复,深航,湖北其他城市的航班运力,,
9807,恢复,深航,湖北其他城市的航班运力,,
9807,恢复,深航,湖北其他城市的航班运力,,
9809,恢复,深航,湖北其他城市的航班运力,,
9809,恢复,深航,湖北其他城市的航班运力,,
9810,恢复,深航,湖北其他城市的航班运力,,
9810,恢复,深航,湖北其他城市的航班运力,,
9811,恢复,深航,湖北其他城市的航班运力,,
9812,恢复,深航,湖北其他城市的航班运力,,
9813,恢复,深航,湖北其他城市的航班运力,,
9813,恢复,深航,湖北其他城市的航班运力,,
9814,恢复,深航,湖北其他城市的航班运力,,
9815,恢复,深航,湖北其他城市的航班运力,,
9816,恢复,深航,湖北其他城市的航班运力,,
9818,恢复,深航,湖北其他城市的航班运力,,
9819,恢复,深航,湖北其他城市的航班运力,,
9819,恢复,深航,湖北其他城市的航班运力,,
9822,恢复,深航,湖北其他城市的航班运力,,
9822,恢复,深航,湖北其他城市的航班运力,,
9823,恢复,深航,湖北其他城市的航班运力,,
9824,恢复,深航,湖北其他城市的航班运力,,
9825,恢复,深航,湖北其他城市的航班运力,,
9826,恢复,深航,湖北其他城市的航班运力,,
9828,恢复,深航,湖北其他城市的航班运力,,
9829,恢复,深航,湖北其他城市的航班运力,,
9831,恢复,深航,湖北其他城市的航班运力,,
9833,恢复,深航,湖北其他城市的航班运力,,
9836,恢复,深航,湖北其他城市的航班运力,,
9836,恢复,深航,湖北其他城市的航班运力,,
9836,恢复,深航,湖北其他城市的航班运力,,
9837,恢复,深航,湖北其他城市的航班运力,,
9838,恢复,深航,湖北其他城市的航班运力,,
9839,恢复,深航,湖北其他城市的航班运力,,
9839,恢复,深航,湖北其他城市的航班运力,,
9839,恢复,深航,湖北其他城市的航班运力,,
9840,恢复,深航,湖北其他城市的航班运力,,
9840,恢复,深航,湖北其他城市的航班运力,,
9840,恢复,深航,湖北其他城市的航班运力,,
9842,恢复,深航,湖北其他城市的航班运力,,
9842,恢复,深航,湖北其他城市的航班运力,,
9842,恢复,深航,湖北其他城市的航班运力,,
9844,恢复,深航,湖北其他城市的航班运力,,
9844,恢复,深航,湖北其他城市的航班运力,,
9845,恢复,深航,湖北其他城市的航班运力,,
9845,恢复,深航,湖北其他城市的航班运力,,
9847,恢复,深航,湖北其他城市的航班运力,,
9848,恢复,深航,湖北其他城市的航班运力,,
9849,恢复,深航,湖北其他城市的航班运力,,
9851,恢复,深航,湖北其他城市的航班运力,,
9852,恢复,深航,湖北其他城市的航班运力,,
9853,恢复,深航,湖北其他城市的航班运力,,
9854,恢复,深航,湖北其他城市的航班运力,,
9854,恢复,深航,湖北其他城市的航班运力,,
9855,恢复,深航,湖北其他城市的航班运力,,
9856,恢复,深航,湖北其他城市的航班运力,,
9858,恢复,深航,湖北其他城市的航班运力,,
9858,恢复,深航,湖北其他城市的航班运力,,
9858,恢复,深航,湖北其他城市的航班运力,,
9859,恢复,深航,湖北其他城市的航班运力,,
9861,恢复,深航,湖北其他城市的航班运力,,
9863,恢复,深航,湖北其他城市的航班运力,,
9863,恢复,深航,湖北其他城市的航班运力,,
9864,恢复,深航,湖北其他城市的航班运力,,
9865,恢复,深航,湖北其他城市的航班运力,,
9866,恢复,深航,湖北其他城市的航班运力,,
9868,恢复,深航,湖北其他城市的航班运力,,
9869,恢复,深航,湖北其他城市的航班运力,,
9872,恢复,深航,湖北其他城市的航班运力,,
9872,恢复,深航,湖北其他城市的航班运力,,
9873,恢复,深航,湖北其他城市的航班运力,,
9874,恢复,深航,湖北其他城市的航班运力,,
9875,恢复,深航,湖北其他城市的航班运力,,
9878,恢复,深航,湖北其他城市的航班运力,,
9878,恢复,深航,湖北其他城市的航班运力,,
9879,恢复,深航,湖北其他城市的航班运力,,
9880,恢复,深航,湖北其他城市的航班运力,,
9882,恢复,深航,湖北其他城市的航班运力,,
9884,恢复,深航,湖北其他城市的航班运力,,
9885,恢复,深航,湖北其他城市的航班运力,,
9889,恢复,深航,湖北其他城市的航班运力,,
9889,恢复,深航,湖北其他城市的航班运力,,
9890,恢复,深航,湖北其他城市的航班运力,,
9891,恢复,深航,湖北其他城市的航班运力,,
9893,恢复,深航,湖北其他城市的航班运力,,
9893,恢复,深航,湖北其他城市的航班运力,,
9895,恢复,深航,湖北其他城市的航班运力,,
9896,恢复,深航,湖北其他城市的航班运力,,
9897,恢复,深航,湖北其他城市的航班运力,,
9897,恢复,深航,湖北其他城市的航班运力,,
9898,恢复,深航,湖北其他城市的航班运力,,
9901,恢复,深航,湖北其他城市的航班运力,,
9901,恢复,深航,湖北其他城市的航班运力,,
9901,恢复,深航,湖北其他城市的航班运力,,
9902,恢复,深航,湖北其他城市的航班运力,,
9903,恢复,深航,湖北其他城市的航班运力,,
9903,恢复,深航,湖北其他城市的航班运力,,
9904,恢复,深航,湖北其他城市的航班运力,,
9906,恢复,深航,湖北其他城市的航班运力,,
9909,恢复,深航,湖北其他城市的航班运力,,
9909,恢复,深航,湖北其他城市的航班运力,,
9910,恢复,深航,湖北其他城市的航班运力,,
9910,恢复,深航,湖北其他城市的航班运力,,
9911,恢复,深航,湖北其他城市的航班运力,,
9912,恢复,深航,湖北其他城市的航班运力,,
9912,恢复,深航,湖北其他城市的航班运力,,
9914,恢复,深航,湖北其他城市的航班运力,,
9914,恢复,深航,湖北其他城市的航班运力,,
9914,恢复,深航,湖北其他城市的航班运力,,
9915,恢复,深航,湖北其他城市的航班运力,,
9915,恢复,深航,湖北其他城市的航班运力,,
9916,恢复,深航,湖北其他城市的航班运力,,
9917,恢复,深航,湖北其他城市的航班运力,,
9918,恢复,深航,湖北其他城市的航班运力,,
9919,恢复,深航,湖北其他城市的航班运力,,
9920,恢复,深航,湖北其他城市的航班运力,,
9921,恢复,深航,湖北其他城市的航班运力,,
9921,恢复,深航,湖北其他城市的航班运力,,
9922,恢复,深航,湖北其他城市的航班运力,,
9925,恢复,深航,湖北其他城市的航班运力,,
9927,恢复,深航,湖北其他城市的航班运力,,
9928,恢复,深航,湖北其他城市的航班运力,,
9928,恢复,深航,湖北其他城市的航班运力,,
9930,恢复,深航,湖北其他城市的航班运力,,
9931,恢复,深航,湖北其他城市的航班运力,,
9932,恢复,深航,湖北其他城市的航班运力,,
9932,恢复,深航,湖北其他城市的航班运力,,
9934,恢复,深航,湖北其他城市的航班运力,,
9935,恢复,深航,湖北其他城市的航班运力,,
9935,恢复,深航,湖北其他城市的航班运力,,
9935,恢复,深航,湖北其他城市的航班运力,,
9937,恢复,深航,湖北其他城市的航班运力,,
9939,恢复,深航,湖北其他城市的航班运力,,
9939,恢复,深航,湖北其他城市的航班运力,,
9939,恢复,深航,湖北其他城市的航班运力,,
9940,恢复,深航,湖北其他城市的航班运力,,
9941,恢复,深航,湖北其他城市的航班运力,,
9942,恢复,深航,湖北其他城市的航班运力,,
9943,恢复,深航,湖北其他城市的航班运力,,
9944,恢复,深航,湖北其他城市的航班运力,,
9947,恢复,深航,湖北其他城市的航班运力,,
9947,恢复,深航,湖北其他城市的航班运力,,
9948,恢复,深航,湖北其他城市的航班运力,,
9949,恢复,深航,湖北其他城市的航班运力,,
9949,恢复,深航,湖北其他城市的航班运力,,
9950,恢复,深航,湖北其他城市的航班运力,,
9952,恢复,深航,湖北其他城市的航班运力,,
9953,恢复,深航,湖北其他城市的航班运力,,
9953,恢复,深航,湖北其他城市的航班运力,,
9954,恢复,深航,湖北其他城市的航班运力,,
9958,恢复,深航,湖北其他城市的航班运力,,
9961,恢复,深航,湖北其他城市的航班运力,,
9962,恢复,深航,湖北其他城市的航班运力,,
9962,恢复,深航,湖北其他城市的航班运力,,
9963,恢复,深航,湖北其他城市的航班运力,,
9971,恢复,深航,湖北其他城市的航班运力,,
9971,恢复,深航,湖北其他城市的航班运力,,
9972,恢复,深航,湖北其他城市的航班运力,,
9975,恢复,深航,湖北其他城市的航班运力,,
9975,恢复,深航,湖北其他城市的航班运力,,
9976,恢复,深航,湖北其他城市的航班运力,,
9978,恢复,深航,湖北其他城市的航班运力,,
9979,恢复,深航,湖北其他城市的航班运力,,
9981,恢复,深航,湖北其他城市的航班运力,,
9983,恢复,深航,湖北其他城市的航班运力,,
